{
  "project_info": {
    "project_number": "962785729372",
    "project_id": "lab07-dd535",
    "storage_bucket": "lab07-dd535.firebasestorage.app"
  },
  "client": [
    {
      "client_info": {
        "mobilesdk_app_id": "1:962785729372:android:3304ab6cee49d83055ff99",
        "android_client_info": {
          "package_name": "com.example.lab07"
        }
      },
      "oauth_client": [],
      "api_key": [
        {
          "current_key": "AIzaSyBJ14P5wBPdwvF4h1byU72Vg5YVsYAfndY"
        }
      ],
      "services": {
        "appinvite_service": {
          "other_platform_oauth_client": []
        }
      }
    }
  ],
  "configuration_version": "1"
}